{"cards":{"0":{"content":"Would it get some","h":207.99993896484375,"id":"3efa594e-7c1b-1676-761a-98cb243ffb25","tone":0,"type":1,"w":271.99993896484375,"x":80.00001525878906,"y":128.00003051757813},"1":{"content":"","h":207.99990844726563,"id":"878a85c5-0284-71a4-8999-66fd97f9abc0","tone":0,"type":1,"w":271.99993896484375,"x":80.00001525878906,"y":352.00006103515625},"2":{"content":"adajkdashfkashjd","h":272.0000915527344,"id":"9c53e9e0-0ba7-0a21-4fd4-e879f205c818","tone":0,"type":2,"w":511.99981689453125,"x":928.0001220703125,"y":143.99996948242188},"3":{"content":"asdasdasd","h":224.00006103515625,"id":"0ef315ac-dabf-bc0c-9b38-0ed6fc29ef2a","tone":1,"type":2,"w":271.99981689453125,"x":656.0001220703125,"y":143.99996948242188},"4":{"content":"33","h":224.00006103515625,"id":"a92a8cda-4b30-3393-173e-6211a6c41136","tone":0,"type":2,"w":271.9998779296875,"x":384.00006103515625,"y":143.99996948242188},"5":{"content":"","h":207.99990844726563,"id":"da1ee362-5557-c390-3a14-ff62ee3d5530","tone":0,"type":2,"w":271.9998779296875,"x":384.00006103515625,"y":368.00006103515625},"6":{"content":"","h":207.99990844726563,"id":"6f2f3845-9699-bdcf-c0e4-8804abf2f7cd","tone":0,"type":2,"w":271.99981689453125,"x":656.0001220703125,"y":368.00006103515625}}}
