{"cards":{"0":{"content":"Jester meets the Angry King and agrees to serve.","fontsize":1,"h":207.99996948242188,"id":"4557fd6f-c38b-13df-b89d-d560cfeb44ec","tone":0,"type":1,"w":272.00006103515625,"x":304.0,"y":496.0},"1":{"content":"The Squatter's Wing appears, surrenders to King.","fontsize":0,"h":208.00003051757813,"id":"819e965b-b316-729c-14e3-0ce38a452328","tone":0,"type":1,"w":272.00006103515625,"x":304.0,"y":720.0},"2":{"cards_under":[{"content":"Q: Why did the city burn?\nA: Markus Hannson.","fontsize":1,"id":"d56e6c87-e30a-1718-cf19-f8d77c20ce4a","saved_dimensions_x":272.00018310546875,"saved_dimensions_y":208.00009155273438,"tone":0,"type":2}],"content":"The City Votes to assassinate the president of the Vortex","fontsize":0,"h":207.99996948242188,"id":"0563bb4d-f270-0096-e339-c1e6414e3670","tone":1,"type":1,"w":256.00018310546875,"x":591.9998779296875,"y":272.00006103515625},"3":{"content":"Hall of the Angry King appears.","fontsize":1,"h":208.00009155273438,"id":"c31124ae-3595-a40d-c1dc-74e6e48d7e0a","tone":1,"type":1,"w":272.0001220703125,"x":303.99993896484375,"y":271.99993896484375},"4":{"content":"The Vertex Hotel Appears","fontsize":1,"h":207.9999542236328,"id":"3deb8bc5-ac78-77c1-16ad-fd0423a740ee","is_beginning":true,"tone":0,"type":0,"w":272.00006103515625,"x":15.999996185302734,"y":48.00001525878906},"5":{"content":"Jester awakes on front step, alone in hotel.","fontsize":1,"h":207.99996948242188,"id":"ad24ecf4-958f-75a7-8150-514d03ff0bbc","tone":0,"type":1,"w":272.00006103515625,"x":16.0,"y":272.0},"6":{"content":"Jester tries to leave, but formless fog continues.","fontsize":0,"h":207.99996948242188,"id":"d4c76390-6295-5cae-05fe-58d666073b10","tone":1,"type":1,"w":272.00006103515625,"x":16.0,"y":496.0},"7":{"content":"The Great Fire","fontsize":1,"h":208.0015106201172,"id":"9eb016ab-a322-4543-0ead-041d76ea0c47","is_end":true,"tone":0,"type":0,"w":256.00140380859375,"x":591.9986572265625,"y":47.99851989746094},"8":{"content":"The Time of Change","fontsize":1,"h":208.00003051757813,"id":"6bbbf455-afcd-69e4-f474-5dff641936d3","tone":1,"type":0,"w":272.00006103515625,"x":304.0,"y":48.0}}}
